source	target	weight
PA14_18680	PA14_31290	0.602334480888456
PA14_16150	PA14_31290	-0.211114322207023
PA14_18680	PA14_37210	-0.0607732676554179
PA14_16150	PA14_37210	-0.495840994930517
